station_id,n_per_id,station_name,station_latitude,station_longitude,city,departure_count,arrival_count,net_change,prop_inflow,is_transit,elevation,elev_units,station_longitude.1,station_latitude.1
3,1,Powell St BART Station (Market St at 4th St),37.78637526861584,-122.40490436553954,SanFrancisco,37092,39243,2151,0.057990941442898736,TRUE,13.2,meters,-122.40490436553954,37.78637526861584
4,1,Cyril Magnin St at Ellis St,37.78588062694133,-122.4089150084319,SanFrancisco,7687,7734,47,0.006114218810979576,FALSE,17.97,meters,-122.4089150084319,37.78588062694133
5,1,Powell St BART Station (Market St at 5th St),37.783899357084934,-122.40844488143921,SanFrancisco,29399,30837,1438,0.04891322834110004,TRUE,8.8,meters,-122.40844488143921,37.783899357084934
6,1,The Embarcadero at Sansome St,37.80477,-122.403234,SanFrancisco,43050,51008,7958,0.1848548199767712,FALSE,3.2,meters,-122.40323400000001,37.80477
7,1,Frank H Ogawa Plaza,37.8045623549303,-122.27173805236816,EastBay,10552,10637,85,0.008055344958301744,FALSE,13.07,meters,-122.27173805236816,37.8045623549303
8,1,The Embarcadero at Vallejo St,37.799953,-122.398525,SanFrancisco,14389,15129,740,0.051428174299812356,FALSE,3.18,meters,-122.39852500000002,37.799953
9,1,Broadway at Battery St,37.79857210846256,-122.40086898207666,SanFrancisco,12874,11770,-1104,-0.08575423333851173,FALSE,6.98,meters,-122.40086898207666,37.798572108462565
10,1,Washington St at Kearny St,37.79539293725452,-122.4047702550888,SanFrancisco,8897,9801,904,0.10160728335393954,FALSE,11.38,meters,-122.4047702550888,37.79539293725452
11,1,Davis St at Jackson St,37.79728,-122.398436,SanFrancisco,11667,12920,1253,0.1073969315162424,FALSE,3.29,meters,-122.39843599999999,37.79728
13,1,Commercial St at Montgomery St,37.794231,-122.402923,SanFrancisco,10839,10998,159,0.014669249930805425,FALSE,5.24,meters,-122.402923,37.794231
14,1,Clay St at Battery St,37.795001,-122.39997,SanFrancisco,13985,14636,651,0.04654987486592778,FALSE,3.8,meters,-122.39997,37.795001
15,1,San Francisco Ferry Building (Harry Bridges Plaza),37.795392,-122.394203,SanFrancisco,48956,55627,6671,0.13626521774654793,TRUE,3.24,meters,-122.394203,37.795392
16,1,Steuart St at Market St,37.79413,-122.39443,SanFrancisco,33893,33995,102,0.0030094709822087156,FALSE,3.12,meters,-122.39443,37.79413
17,1,Embarcadero BART Station (Beale St at Market St),37.792251,-122.397086,SanFrancisco,26566,23465,-3101,-0.11672814876157495,TRUE,3.72,meters,-122.397086,37.792251
18,1,Telegraph Ave at Alcatraz Ave,37.85022187449679,-122.26017236709595,EastBay,2587,2597,10,0.003865481252415926,FALSE,50.64,meters,-122.26017236709595,37.85022187449679
19,1,Post St at Kearny St,37.788975,-122.403452,SanFrancisco,18174,19958,1784,0.09816220975019259,FALSE,14.95,meters,-122.403452,37.788975
20,1,Mechanics Monument Plaza (Market St at Bush St),37.7913,-122.399051,SanFrancisco,15430,16219,789,0.05113415424497732,FALSE,4.67,meters,-122.39905100000001,37.79130000000001
21,1,Montgomery St BART Station (Market St at 2nd St),37.7896254,-122.400811,SanFrancisco,39308,44848,5540,0.1409382314032767,TRUE,8.68,meters,-122.40081099999999,37.7896254
22,1,Howard St at Beale St,37.789756,-122.394643,SanFrancisco,32858,28400,-4458,-0.1356747215290036,FALSE,4.27,meters,-122.394643,37.789756
23,1,The Embarcadero at Steuart St,37.791464,-122.391034,SanFrancisco,19844,19111,-733,-0.036938117315057445,FALSE,3.48,meters,-122.39103400000002,37.791464
24,1,Spear St at Folsom St,37.7896767,-122.3904285,SanFrancisco,15642,16768,1126,0.07198567958061629,FALSE,3.69,meters,-122.3904285,37.7896767
25,1,Howard St at 2nd St,37.787521780456245,-122.39740490913391,SanFrancisco,14527,14426,-101,-0.006952571074550836,FALSE,7.16,meters,-122.39740490913391,37.787521780456245
26,1,1st St at Folsom St,37.78729,-122.39438,SanFrancisco,7731,7977,246,0.03181994567326348,FALSE,12.7,meters,-122.39438000000001,37.78729
27,1,Beale St at Harrison St,37.7880593,-122.3918648,SanFrancisco,19193,19771,578,0.030115146147032774,FALSE,5.84,meters,-122.3918648,37.7880593
28,1,The Embarcadero at Bryant St,37.78716801474664,-122.38809792330358,SanFrancisco,15305,14176,-1129,-0.07376674289447893,FALSE,2.99,meters,-122.38809792330358,37.78716801474664
29,1,O'Farrell St at Divisadero St,37.782404601934104,-122.43944585323335,SanFrancisco,4778,3908,-870,-0.18208455420678107,FALSE,49.61,meters,-122.43944585323335,37.782404601934104
30,1,San Francisco Caltrain (Townsend St at 4th St),37.776598,-122.395282,SanFrancisco,42879,54662,11783,0.27479652044124164,TRUE,3.75,meters,-122.395282,37.776598
31,1,Raymond Kimbell Playground,37.78381270927812,-122.43455886840819,SanFrancisco,5807,5667,-140,-0.024108834165662132,FALSE,40.73,meters,-122.43455886840819,37.78381270927812
33,1,Golden Gate Ave at Hyde St,37.7816495,-122.4154077,SanFrancisco,4914,4381,-533,-0.10846560846560846,FALSE,20.53,meters,-122.41540770000002,37.7816495
34,1,Father Alfred E Boeddeker Park,37.7839879,-122.412408,SanFrancisco,4901,4411,-490,-0.09997959600081616,FALSE,15.71,meters,-122.412408,37.7839879
35,1,Cahill Park,37.32911866814779,-121.90457582473755,SanJose,1969,1636,-333,-0.1691213814118842,FALSE,29.04,meters,-121.90457582473755,37.32911866814779
36,1,Folsom St at 3rd St,37.78383,-122.39887,SanFrancisco,12246,15219,2973,0.24277315041646252,FALSE,8.2,meters,-122.39887,37.78383
37,1,2nd St at Folsom St,37.78499972833808,-122.39593561749642,SanFrancisco,16606,12747,-3859,-0.23238588462001686,FALSE,17.53,meters,-122.39593561749642,37.78499972833808
39,1,Scott St at Golden Gate Ave,37.7789994,-122.4368608,SanFrancisco,3881,2255,-1626,-0.4189641844885339,FALSE,49.84,meters,-122.4368608,37.778999400000004
40,1,Laguna St at McAllister St,37.7792082,-122.4268287,SanFrancisco,1066,1233,167,0.15666041275797374,FALSE,26.92,meters,-122.4268287,37.7792082
41,1,Golden Gate Ave at Polk St,37.78127,-122.41874,SanFrancisco,14392,13391,-1001,-0.06955252918287938,FALSE,23.43,meters,-122.41874,37.78127
42,1,San Francisco City Hall (Polk St at Grove St),37.77865,-122.41823,SanFrancisco,8789,8766,-23,-0.002616907498008875,FALSE,18.7,meters,-122.41823,37.778650000000006
43,1,San Francisco Public Library (Grove St at Hyde St),37.7787677,-122.4159292,SanFrancisco,13304,11907,-1397,-0.10500601322910402,FALSE,17.86,meters,-122.4159292,37.7787677
44,1,Civic Center/UN Plaza BART Station (Market St at McAllister St),37.7810737,-122.4117382,SanFrancisco,20585,22886,2301,0.11178042263784309,TRUE,13.25,meters,-122.41173819999999,37.7810737
45,1,5th St at Howard St,37.781752,-122.405127,SanFrancisco,8835,9551,716,0.0810413129598189,FALSE,7.22,meters,-122.405127,37.781752
46,1,San Antonio Park,37.79013985185364,-122.24237322807312,EastBay,1018,905,-113,-0.11100196463654224,FALSE,13.24,meters,-122.24237322807312,37.79013985185364
47,1,4th St at Harrison St,37.78095459960753,-122.39974915981291,SanFrancisco,12024,12396,372,0.03093812375249501,FALSE,4.64,meters,-122.39974915981291,37.78095459960753
48,1,2nd St at S Park St,37.782411189735896,-122.39270595839115,SanFrancisco,5796,5614,-182,-0.03140096618357488,FALSE,14.35,meters,-122.39270595839115,37.782411189735896
49,1,S Park St at 3rd St,37.7807601,-122.3949894,SanFrancisco,12572,13309,737,0.058622335348393256,FALSE,6.44,meters,-122.3949894,37.7807601
50,2,2nd St at Townsend St,37.780526,-122.390288,SanFrancisco,15196,15368,172,0.011318768096867597,FALSE,6.26,meters,-122.39028799999998,37.780526
50,2,2nd St at Townsend St - Coming Soon,37.780526,-122.390288,SanFrancisco,6605,7277,672,0.10174110522331567,FALSE,6.26,meters,-122.39028799999998,37.780526
52,1,McAllister St at Baker St,37.7774157,-122.4418376,SanFrancisco,7032,2748,-4284,-0.6092150170648464,FALSE,70.6,meters,-122.44183759999999,37.777415700000006
53,1,Grove St at Divisadero,37.775946,-122.4377775,SanFrancisco,7687,4889,-2798,-0.36399115389618836,FALSE,60.74,meters,-122.4377775,37.775946
55,1,Webster St at Grove St,37.7770527,-122.4295585,SanFrancisco,6120,5811,-309,-0.050490196078431374,FALSE,33.64,meters,-122.42955849999998,37.7770527
56,1,Koshland Park,37.77341396997343,-122.42731690406801,SanFrancisco,5580,2671,-2909,-0.521326164874552,FALSE,50.8,meters,-122.42731690406801,37.77341396997343
58,1,Market St at 10th St,37.776619,-122.417385,SanFrancisco,41486,40124,-1362,-0.03283035240804127,FALSE,17.01,meters,-122.41738500000001,37.776619
59,1,S Van Ness Ave at Market St,37.774814,-122.418954,SanFrancisco,13926,13626,-300,-0.021542438604049977,FALSE,16.22,meters,-122.418954,37.774814
60,1,8th St at Ringold St,37.77452040113685,-122.4094493687153,SanFrancisco,12696,11858,-838,-0.06600504095778198,FALSE,7.8,meters,-122.4094493687153,37.77452040113685
61,1,Howard St at 8th St,37.7765126,-122.4113061,SanFrancisco,13184,13410,226,0.017141990291262135,FALSE,9.24,meters,-122.41130610000002,37.7765126
62,1,Victoria Manalo Draves Park,37.77779057034257,-122.40643188357353,SanFrancisco,9904,9949,45,0.0045436187399030695,FALSE,4.61,meters,-122.40643188357353,37.77779057034257
63,1,Bryant St at 6th St,37.775910222333366,-122.40257500673577,SanFrancisco,3807,3956,149,0.0391384292093512,FALSE,3.55,meters,-122.40257500673577,37.775910222333366
64,1,5th St at Brannan St,37.7767539,-122.3990176,SanFrancisco,9373,10103,730,0.07788328176677692,FALSE,3.35,meters,-122.3990176,37.7767539
66,1,3rd St at Townsend St,37.77874161153677,-122.39274082710836,SanFrancisco,25497,24871,-626,-0.0245519080676158,FALSE,6.88,meters,-122.39274082710836,37.77874161153677
67,1,San Francisco Caltrain Station 2  (Townsend St at 4th St),37.7766392,-122.3955263,SanFrancisco,43725,56116,12391,0.2833847913093196,TRUE,3.64,meters,-122.3955263,37.7766392
70,1,Central Ave at Fell St,37.77331087889723,-122.44429260492325,SanFrancisco,15173,12380,-2793,-0.1840769788439992,FALSE,67.97,meters,-122.44429260492325,37.77331087889723
71,1,Broderick St at Oak St,37.7730627,-122.4390777,SanFrancisco,6710,3884,-2826,-0.4211624441132638,FALSE,62.22,meters,-122.43907769999998,37.7730627
72,1,Page St at Scott St,37.772406,-122.4356498,SanFrancisco,8222,5571,-2651,-0.32242763317927514,FALSE,52.3,meters,-122.4356498,37.772406
73,1,Pierce St at Haight St,37.7717933,-122.4337079,SanFrancisco,4703,3090,-1613,-0.3429725706995535,FALSE,46.31,meters,-122.4337079,37.7717933
74,1,Laguna St at Hayes St,37.776434819204745,-122.42624402046204,SanFrancisco,12034,12780,746,0.06199102542795413,FALSE,23.76,meters,-122.42624402046204,37.776434819204745
75,1,Market St at Franklin St,37.7737932060887,-122.42123901844025,SanFrancisco,10447,10196,-251,-0.024026036182636164,FALSE,16.68,meters,-122.42123901844025,37.7737932060887
76,1,McCoppin St at Valencia St,37.77166246221617,-122.42242321372034,SanFrancisco,10322,10326,4,3.8752179810114316e-4,FALSE,15.84,meters,-122.42242321372034,37.77166246221617
77,1,11th St at Natoma St,37.7735069,-122.4160402,SanFrancisco,9145,9356,211,0.023072717331875343,FALSE,11.43,meters,-122.41604020000001,37.7735069
78,1,Folsom St at 9th St,37.7737172,-122.4116467,SanFrancisco,8201,7666,-535,-0.06523594683575173,FALSE,11.22,meters,-122.4116467,37.7737172
79,1,7th St at Brannan St,37.7734919,-122.4036725,SanFrancisco,10399,9467,-932,-0.08962400230791422,FALSE,5.71,meters,-122.4036725,37.7734919
80,1,Townsend St at 5th St,37.7753058,-122.39738,SanFrancisco,11330,9231,-2099,-0.1852603706972639,FALSE,2.97,meters,-122.39737999999998,37.7753058
81,1,Berry St at 4th St,37.77588,-122.39317,SanFrancisco,40291,38993,-1298,-0.032215631282420394,FALSE,3.29,meters,-122.39317000000001,37.77588
84,1,Duboce Park,37.7692005,-122.4338119,SanFrancisco,6519,3484,-3035,-0.46556220279183924,FALSE,51.36,meters,-122.43381190000001,37.7692005
85,1,Church St at Duboce Ave,37.7700831,-122.4291557,SanFrancisco,7428,4999,-2429,-0.32700592353257946,FALSE,38.7,meters,-122.4291557,37.7700831
86,1,Market St at Dolores St,37.7693053,-122.4268256,SanFrancisco,10938,9348,-1590,-0.1453647833241909,FALSE,36.6,meters,-122.4268256,37.7693053
87,1,Folsom St at 13th St,37.769757,-122.415674,SanFrancisco,1587,1595,8,0.005040957781978576,FALSE,6.12,meters,-122.41567399999998,37.769757
88,1,11th St at Bryant St,37.7700298,-122.4117258,SanFrancisco,9959,11423,1464,0.14700271111557386,FALSE,5.99,meters,-122.4117258,37.7700298
89,1,Division St at Potrero Ave,37.76921786152374,-122.40764558315276,SanFrancisco,11565,12801,1236,0.10687418936446173,FALSE,5.38,meters,-122.40764558315276,37.76921786152374
90,1,Townsend St at 7th St,37.771058,-122.402717,SanFrancisco,21908,24155,2247,0.10256527295964944,FALSE,3.79,meters,-122.402717,37.771058
91,1,Berry St at King St,37.771762110313176,-122.39843755960464,SanFrancisco,2172,2091,-81,-0.03729281767955801,FALSE,2.7,meters,-122.39843755960464,37.771762110313176
92,1,Mission Bay Kids Park,37.772300631747626,-122.39302754402159,SanFrancisco,4167,4111,-56,-0.01343892488600912,FALSE,3.4,meters,-122.39302754402159,37.772300631747626
93,1,4th St at Mission Bay Blvd S,37.7704074,-122.3911984,SanFrancisco,18513,19670,1157,0.062496623993950194,FALSE,3.51,meters,-122.3911984,37.7704074
95,1,Sanchez St at 15th St,37.7662185,-122.4310597,SanFrancisco,7615,5710,-1905,-0.25016414970453055,FALSE,38.52,meters,-122.43105970000002,37.7662185
96,1,Dolores St at 15th St,37.7662102,-122.4266136,SanFrancisco,7562,6611,-951,-0.12576038085162655,FALSE,21.78,meters,-122.4266136,37.7662102
97,1,14th St at Mission St,37.7682646,-122.4201102,SanFrancisco,7950,7744,-206,-0.02591194968553459,FALSE,7.94,meters,-122.4201102,37.7682646
98,1,Valencia St at 16th St,37.765052,-122.4218661,SanFrancisco,14125,15257,1132,0.08014159292035399,FALSE,14.61,meters,-122.42186610000002,37.765052
99,1,Folsom St at 15th St,37.7670373,-122.4154425,SanFrancisco,6496,6706,210,0.032327586206896554,FALSE,5.59,meters,-122.4154425,37.7670373
100,1,Bryant St at 15th St,37.7671004,-122.410662,SanFrancisco,6745,6607,-138,-0.02045959970348406,FALSE,14.62,meters,-122.41066200000002,37.7671004
101,2,Potrero Ave at 15th St (Temporary Location),37.766629,-122.407706,SanFrancisco,1732,1789,57,0.032909930715935336,FALSE,14.45,meters,-122.407706,37.766629
101,2,San Bruno Ave at 16th St,37.76600774273675,-122.40567684173583,SanFrancisco,3318,3362,44,0.013261000602772756,FALSE,9.4,meters,-122.40567684173583,37.76600774273675
102,1,Irwin St at 8th St,37.7668828,-122.3995794,SanFrancisco,4041,4869,828,0.20489977728285078,FALSE,4.56,meters,-122.39957940000001,37.7668828
104,1,4th St at 16th St,37.76704457969368,-122.39083349704742,SanFrancisco,5743,6125,382,0.06651575831446979,FALSE,4.37,meters,-122.39083349704742,37.76704457969368
105,1,16th St at Prosper St,37.764285,-122.4318042,SanFrancisco,5164,3949,-1215,-0.2352827265685515,FALSE,38.54,meters,-122.4318042,37.764285
106,1,Sanchez St at 17th St,37.7632417,-122.4306746,SanFrancisco,3837,3305,-532,-0.1386499869689862,FALSE,30.73,meters,-122.4306746,37.7632417
107,1,17th St at Dolores St,37.7630152,-122.4264968,SanFrancisco,5882,5225,-657,-0.11169670180210813,FALSE,22.72,meters,-122.42649679999998,37.7630152
108,1,16th St Mission BART,37.76471008581914,-122.41995692253113,SanFrancisco,5171,5374,203,0.03925739702185264,TRUE,10.56,meters,-122.41995692253113,37.76471008581914
109,1,17th St at Valencia St,37.7633158,-122.4219039,SanFrancisco,11087,11723,636,0.05736448092360422,FALSE,14.67,meters,-122.42190390000002,37.7633158
110,1,17th & Folsom Street Park (17th St at Folsom St),37.7637085,-122.4152042,SanFrancisco,5090,5574,484,0.09508840864440078,FALSE,6.33,meters,-122.4152042,37.7637085
112,1,Harrison St at 17th St,37.7638471,-122.4130036,SanFrancisco,8550,10079,1529,0.17883040935672515,FALSE,6.87,meters,-122.4130036,37.7638471
113,1,Franklin Square,37.764555,-122.410345,SanFrancisco,4289,3430,-859,-0.20027978549778502,FALSE,18.73,meters,-122.410345,37.764555
114,1,Rhode Island St at 17th St,37.7644783,-122.4025701,SanFrancisco,12203,12624,421,0.034499713185282305,FALSE,9.69,meters,-122.4025701,37.7644783
115,1,Jackson Playground,37.7650259,-122.3987734,SanFrancisco,7063,7290,227,0.03213931757043749,FALSE,7.19,meters,-122.3987734,37.765025900000005
116,1,Mississippi St at 17th St,37.7648022,-122.3947713,SanFrancisco,7625,7281,-344,-0.04511475409836065,FALSE,9,meters,-122.3947713,37.7648022
118,1,Eureka Valley Recreation Center,37.7591769,-122.4369431,SanFrancisco,3576,2532,-1044,-0.29194630872483224,FALSE,50.37,meters,-122.4369431,37.7591769
119,1,18th St at Noe St,37.7610471,-122.4326417,SanFrancisco,7499,7353,-146,-0.019469262568342447,FALSE,28.79,meters,-122.43264170000002,37.7610471
120,1,Mission Dolores Park,37.7614205,-122.4264353,SanFrancisco,9383,9590,207,0.022061174464456997,FALSE,15.77,meters,-122.42643529999998,37.7614205
121,1,Mission Playground,37.7592103,-122.4213392,SanFrancisco,10770,11499,729,0.06768802228412256,FALSE,17.63,meters,-122.42133920000002,37.7592103
122,1,19th St at Mission St,37.760299,-122.418892,SanFrancisco,6659,6917,258,0.038744556239675626,FALSE,12.97,meters,-122.41889200000001,37.760299
123,1,Folsom St at 19th St,37.7605936,-122.4148171,SanFrancisco,7281,7190,-91,-0.012498283202856751,FALSE,8.33,meters,-122.41481710000001,37.7605936
124,1,19th St at Florida St,37.7604469,-122.410807,SanFrancisco,6201,6345,144,0.023222060957910014,FALSE,9.06,meters,-122.410807,37.7604469
125,1,20th St at Bryant St,37.7592005,-122.409851,SanFrancisco,6721,6653,-68,-0.01011754203243565,FALSE,10.25,meters,-122.40985100000002,37.7592005
126,1,Esprit Park,37.7616343,-122.3906477,SanFrancisco,13112,12939,-173,-0.013194020744356315,FALSE,13.56,meters,-122.39064769999999,37.7616343
127,1,Valencia St at 21st St,37.7567083,-122.421025,SanFrancisco,8745,8453,-292,-0.03339050886220698,FALSE,22.15,meters,-122.421025,37.7567083
129,1,Harrison St at 20th St,37.758862,-122.412544,SanFrancisco,8375,8493,118,0.01408955223880597,FALSE,9.44,meters,-122.412544,37.758862
130,1,22nd St Caltrain Station,37.75736899005735,-122.3920565843582,SanFrancisco,7850,7744,-106,-0.013503184713375796,TRUE,12.84,meters,-122.3920565843582,37.75736899005735
131,1,Dolores St at 22nd St,37.754795,-122.425649,SanFrancisco,47,63,16,0.3404255319148936,FALSE,39.31,meters,-122.42564900000002,37.754795
132,1,24th St at Chattanooga St,37.7518194,-122.4266139,SanFrancisco,5384,2668,-2716,-0.5044576523031203,FALSE,54.28,meters,-122.42661390000002,37.7518194
133,1,Valencia St at 22nd St,37.7552126,-122.4209752,SanFrancisco,8448,8327,-121,-0.014322916666666666,FALSE,25.01,meters,-122.4209752,37.7552126
134,1,Valencia St at 24th St,37.7524278,-122.4206278,SanFrancisco,15597,15938,341,0.02186317881643906,FALSE,26.77,meters,-122.4206278,37.7524278
136,1,23rd St at San Bruno Ave,37.7544356,-122.4043639,SanFrancisco,744,733,-11,-0.01478494623655914,FALSE,23.1,meters,-122.4043639,37.7544356
137,1,Jersey St at Castro St,37.750506,-122.4339496,SanFrancisco,5271,2913,-2358,-0.4473534433693796,FALSE,63.01,meters,-122.43394959999999,37.750506
138,1,Jersey St at Church St,37.7509004,-122.4274114,SanFrancisco,3527,1964,-1563,-0.4431528210944145,FALSE,49.29,meters,-122.4274114,37.7509004
139,1,Garfield Square (25th St at Harrison St),37.7510171,-122.4119009,SanFrancisco,6741,6923,182,0.02699896157840083,FALSE,16.85,meters,-122.4119009,37.7510171
140,1,Cesar Chavez St at Dolores St,37.7478584,-122.4249863,SanFrancisco,2086,1273,-813,-0.3897411313518696,FALSE,39.14,meters,-122.4249863,37.7478584
141,1,Valencia St at Cesar Chavez St,37.7479981,-122.4202187,SanFrancisco,7649,6989,-660,-0.0862857889920251,FALSE,23.11,meters,-122.4202187,37.7479981
144,1,Precita Park,37.7472996,-122.4114029,SanFrancisco,5648,5493,-155,-0.027443342776203965,FALSE,15.54,meters,-122.4114029,37.7472996
145,1,29th St at Church St,37.7436839,-122.4268059,SanFrancisco,5363,4572,-791,-0.14749207533097147,FALSE,39.28,meters,-122.4268059,37.7436839
146,1,30th St at San Jose Ave,37.7423139,-122.4231805,SanFrancisco,3059,2108,-951,-0.31088591042824454,FALSE,34.68,meters,-122.42318050000002,37.7423139
147,1,29th St at Tiffany Ave,37.7440667,-122.4214722,SanFrancisco,6033,5573,-460,-0.07624730648102106,FALSE,30.36,meters,-122.42147220000001,37.7440667
148,1,Horton St at 40th St,37.8297046,-122.2876102,EastBay,2487,2774,287,0.11540008041817451,FALSE,4.84,meters,-122.28761020000002,37.8297046
149,1,Emeryville Town Hall,37.8312752,-122.2856333,EastBay,1737,1720,-17,-0.00978698906160046,FALSE,6.84,meters,-122.2856333,37.8312752
150,1,Adeline St at 40th St,37.8312769,-122.2782669,EastBay,2287,2436,149,0.06515085264538698,FALSE,14.56,meters,-122.27826689999999,37.8312769
151,1,53rd St at Hollis St,37.8361823,-122.2871801,EastBay,574,933,359,0.6254355400696864,FALSE,5.75,meters,-122.2871801,37.8361823
152,1,47th St at San Pablo Ave,37.83563220458518,-122.28105068206787,EastBay,1308,1522,214,0.1636085626911315,FALSE,13.23,meters,-122.28105068206787,37.83563220458518
153,1,59th St at Horton St,37.8409452,-122.2913604,EastBay,1670,2064,394,0.23592814371257484,FALSE,5.4,meters,-122.2913604,37.8409452
154,1,Doyle St at 59th St,37.841923799999996,-122.2880451,EastBay,1388,1525,137,0.09870317002881844,FALSE,7.9,meters,-122.2880451,37.841923799999996
155,1,Emeryville Public Market,37.84052116694969,-122.29352831840515,EastBay,1428,1778,350,0.24509803921568626,FALSE,3.55,meters,-122.29352831840515,37.84052116694969
156,1,Stanford Ave at Hollis St,37.8384435,-122.2886647,EastBay,1342,1613,271,0.20193740685543965,FALSE,6.66,meters,-122.2886647,37.8384435
157,1,65th St at Hollis St,37.8467842,-122.2913761,EastBay,2539,3865,1326,0.5222528554549035,FALSE,7.03,meters,-122.2913761,37.8467842
158,1,Shattuck Ave at Telegraph Ave,37.8332786,-122.2634901,EastBay,3333,2862,-471,-0.1413141314131413,FALSE,31.64,meters,-122.26349010000001,37.8332786
159,1,24th St at Market St,37.8160598,-122.2782444,EastBay,1963,2047,84,0.04279164544065207,FALSE,5.76,meters,-122.27824439999999,37.8160598
160,1,West Oakland BART Station,37.8053183,-122.2948365,EastBay,9135,9209,74,0.008100711548987411,TRUE,4.63,meters,-122.2948365,37.8053183
162,1,Franklin St at 9th St,37.8005161,-122.2720799,EastBay,3909,3596,-313,-0.08007162957278076,FALSE,12.18,meters,-122.27207989999998,37.8005161
163,1,Lake Merritt BART Station,37.7973195,-122.2653199,EastBay,11913,8489,-3424,-0.2874171073617057,TRUE,9.87,meters,-122.2653199,37.7973195
164,1,Isabella St at San Pablo Ave,37.814988230424156,-122.27484405040741,EastBay,1274,1112,-162,-0.1271585557299843,FALSE,7.11,meters,-122.27484405040741,37.814988230424156
166,1,College Ave at Alcatraz Ave,37.8513755,-122.25252329999999,EastBay,3239,2927,-312,-0.09632602655140475,FALSE,64.98,meters,-122.25252329999999,37.8513755
167,1,College Ave at Harwood Ave,37.848152,-122.2521599,EastBay,2640,2406,-234,-0.08863636363636364,FALSE,60.74,meters,-122.2521599,37.848152
168,1,Alcatraz Ave at Shattuck Ave,37.849594967776646,-122.26556897163393,EastBay,1091,990,-101,-0.0925756186984418,FALSE,39.47,meters,-122.26556897163393,37.849594967776646
169,1,Bushrod Park,37.8465156,-122.2653043,EastBay,1448,1447,-1,-6.906077348066298e-4,FALSE,37.12,meters,-122.2653043,37.8465156
170,1,Telegraph Ave at 58th St,37.844492700000004,-122.261351,EastBay,1126,1185,59,0.052397868561278864,FALSE,41.88,meters,-122.261351,37.844492700000004
171,1,Rockridge BART Station,37.84427875399067,-122.251900434494,EastBay,6334,6305,-29,-0.004578465424692138,TRUE,54.17,meters,-122.251900434494,37.84427875399067
172,1,College Ave at Taft Ave,37.8417999,-122.2515349,EastBay,2242,1867,-375,-0.1672613737734166,FALSE,51.39,meters,-122.2515349,37.8417999
173,2,Shattuck Ave at 55th Ave,37.8403643,-122.2644881,EastBay,1336,1218,-118,-0.08832335329341318,FALSE,33.99,meters,-122.26448809999998,37.8403643
173,2,Shattuck Ave at 55th St,37.8403643,-122.2644881,EastBay,915,903,-12,-0.013114754098360656,FALSE,33.99,meters,-122.26448809999998,37.8403643
174,1,Shattuck Ave at 51st St,37.8368013,-122.2640037,EastBay,1266,1314,48,0.037914691943127965,FALSE,34.17,meters,-122.26400370000002,37.8368013
175,1,49th St at Telegraph Ave,37.8359455,-122.2623663,EastBay,4066,3954,-112,-0.027545499262174127,FALSE,35.24,meters,-122.26236629999998,37.83594550000001
176,1,MacArthur BART Station,37.82840997305853,-122.26631462574005,EastBay,15265,16535,1270,0.08319685555191615,TRUE,23.12,meters,-122.26631462574005,37.82840997305853
177,1,MacArthur Blvd at Telegraph Ave,37.8262863,-122.2651002,EastBay,2161,1729,-432,-0.1999074502545118,FALSE,22.06,meters,-122.2651002,37.8262863
178,1,Broadway at 30th St,37.8193814,-122.2619284,EastBay,4999,4609,-390,-0.07801560312062412,FALSE,16.99,meters,-122.26192840000002,37.8193814
179,1,Telegraph Ave at 27th St,37.816073115011406,-122.26788640022278,EastBay,5531,4616,-915,-0.16543120593021154,FALSE,10.26,meters,-122.26788640022278,37.816073115011406
180,1,Telegraph Ave at 23rd St,37.8126783,-122.2687726,EastBay,5862,5682,-180,-0.030706243602865915,FALSE,7.38,meters,-122.26877260000002,37.8126783
181,1,Grand Ave at Webster St,37.8113768,-122.2651925,EastBay,9887,9919,32,0.0032365732780418733,FALSE,8.02,meters,-122.26519249999998,37.8113768
182,1,19th Street BART Station,37.8090126,-122.2682473,EastBay,20042,21882,1840,0.09180720486977348,TRUE,6.07,meters,-122.26824730000001,37.8090126
183,1,Telegraph Ave at 19th St,37.8087021,-122.2699271,EastBay,7873,7890,17,0.002159278546932554,FALSE,7.78,meters,-122.26992710000002,37.8087021
184,1,Franklin St at 14th St,37.8037651,-122.2699884,EastBay,946,752,-194,-0.20507399577167018,FALSE,12.52,meters,-122.2699884,37.8037651
185,1,Jackson St at 14th St,37.8018575,-122.2653676,EastBay,814,744,-70,-0.085995085995086,FALSE,11.01,meters,-122.26536760000002,37.8018575
186,1,Lakeside Dr at 14th St,37.8013189,-122.2626418,EastBay,6747,7139,392,0.058099896250185266,FALSE,7.19,meters,-122.2626418,37.8013189
187,1,Jack London Square,37.796248,-122.279352,EastBay,1743,2105,362,0.2076878944348824,FALSE,3.2,meters,-122.279352,37.796248
188,1,Dover St at 57th St,37.8426295,-122.267738,EastBay,2257,2437,180,0.07975188303057155,FALSE,30.44,meters,-122.267738,37.8426295
189,1,Genoa St at 55th St,37.8396488,-122.2717561,EastBay,4211,3957,-254,-0.0603182142009024,FALSE,24.57,meters,-122.27175609999999,37.8396488
190,1,West St at 40th St,37.8302232,-122.2709501,EastBay,2164,1528,-636,-0.29390018484288355,FALSE,21.67,meters,-122.2709501,37.8302232
191,1,Market St at 40th St,37.8305452,-122.2739367,EastBay,1094,895,-199,-0.18190127970749542,FALSE,18.62,meters,-122.27393670000001,37.8305452
192,2,37th St at West St,37.82669558640968,-122.27179706096648,EastBay,1004,991,-13,-0.012948207171314742,FALSE,17.47,meters,-122.27179706096648,37.82669558640968
192,2,MLK Jr Way at 36th St (Temporary Location),37.825793986440324,-122.26939916610718,EastBay,183,175,-8,-0.04371584699453552,FALSE,19.44,meters,-122.26939916610718,37.825793986440324
193,1,Grand Ave at Santa Clara Ave,37.8127441,-122.2472152,EastBay,4725,6119,1394,0.295026455026455,FALSE,3.88,meters,-122.2472152,37.8127441
194,1,Lakeshore Ave at Trestle Glen Rd,37.8110807,-122.2432677,EastBay,4344,5476,1132,0.2605893186003683,FALSE,4.71,meters,-122.2432677,37.8110807
195,1,Bay Pl at Vernon St,37.81231409135146,-122.26077854633331,EastBay,10716,10237,-479,-0.04469951474430758,FALSE,3.88,meters,-122.26077854633331,37.81231409135146
196,1,Grand Ave at Perkins St,37.80889393398715,-122.25646018981932,EastBay,11228,12263,1035,0.09218026362664766,FALSE,7.49,meters,-122.25646018981932,37.80889393398716
197,1,El Embarcadero at Grand Ave,37.8088479,-122.2496799,EastBay,11315,12848,1533,0.13548387096774195,FALSE,3.36,meters,-122.24967990000002,37.8088479
198,1,Snow Park,37.80781318217903,-122.26449608802795,EastBay,3822,4012,190,0.04971219256933543,FALSE,3.16,meters,-122.26449608802795,37.80781318217903
199,1,Webster St at 17th St,37.80583,-122.2673076,EastBay,525,623,98,0.18666666666666668,FALSE,11.17,meters,-122.26730760000001,37.80583
200,1,2nd Ave at E 18th St,37.800213566969795,-122.25381016731262,EastBay,10090,10987,897,0.08889990089197225,FALSE,3.15,meters,-122.25381016731262,37.800213566969795
201,1,10th St at Fallon St,37.7976728,-122.2629973,EastBay,4483,5492,1009,0.22507249609636404,FALSE,6.64,meters,-122.2629973,37.7976728
202,1,Washington St at 8th St,37.8007544,-122.2748943,EastBay,3470,3965,495,0.14265129682997119,FALSE,11.05,meters,-122.27489430000001,37.8007544
203,1,Webster St at 2nd St,37.795194764385954,-122.27396965026855,EastBay,3269,4228,959,0.29336188436830835,FALSE,4.41,meters,-122.27396965026855,37.795194764385954
204,1,55th St at Telegraph Ave,37.8401858,-122.2618225,EastBay,1848,1621,-227,-0.12283549783549784,FALSE,38.32,meters,-122.2618225,37.8401858
205,3,Miles Ave at Cavour St,37.8388,-122.258732,EastBay,455,379,-76,-0.16703296703296702,FALSE,40.98,meters,-122.25873200000001,37.8388
205,3,Miles Ave at Cavour St (Temporary Location),37.8388,-122.258732,EastBay,361,370,9,0.024930747922437674,FALSE,40.98,meters,-122.25873200000001,37.8388
205,3,Shafter Ave at Cavour St,37.8379469,-122.2572427,EastBay,1158,1000,-158,-0.13644214162348878,FALSE,40.53,meters,-122.25724269999999,37.8379469
206,1,College Ave at Bryant Ave,37.8381269,-122.2512714,EastBay,927,871,-56,-0.06040992448759439,FALSE,45.33,meters,-122.25127139999998,37.8381269
207,1,Broadway at Coronado Ave,37.8357883,-122.2516207,EastBay,1525,939,-586,-0.3842622950819672,FALSE,51.29,meters,-122.2516207,37.8357883
208,2,S. 4th St at San Carlos St,37.33004,-121.881821,SanJose,1865,1896,31,0.016621983914209115,FALSE,29.49,meters,-121.881821,37.33004
208,2,William St at 4th St (Temporary Location),37.329964,-121.881922,SanJose,26,50,24,0.9230769230769231,FALSE,29.79,meters,-121.88192199999999,37.329964
209,1,45th St at MLK Jr Way,37.8335577,-122.2674183,EastBay,910,1029,119,0.13076923076923078,FALSE,28.31,meters,-122.26741830000002,37.8335577
210,1,45th St at Manila,37.8332935222321,-122.25622415542603,EastBay,3645,3208,-437,-0.11989026063100137,FALSE,35.51,meters,-122.25622415542603,37.8332935222321
211,1,Broadway at 40th St,37.8277573,-122.2567156,EastBay,5829,5346,-483,-0.08286155429747813,FALSE,27.62,meters,-122.2567156,37.8277573
212,2,Mosswood Park,37.8249311,-122.2604787,EastBay,3652,4041,389,0.10651697699890471,FALSE,23.18,meters,-122.2604787,37.8249311
212,2,Webster St at MacArthur Blvd (Temporary Location),37.825008,-122.261649,EastBay,356,350,-6,-0.016853932584269662,FALSE,22.63,meters,-122.261649,37.825008000000004
213,1,32nd St at Adeline St,37.8238474,-122.2811926,EastBay,1895,2032,137,0.07229551451187335,FALSE,7.29,meters,-122.2811926,37.8238474
214,1,Market St at Brockhurst St,37.8233214,-122.2757325,EastBay,2336,2401,65,0.027825342465753425,FALSE,11.15,meters,-122.2757325,37.8233214
215,1,34th St at Telegraph Ave,37.8225475,-122.2663179,EastBay,1814,2243,429,0.2364939360529217,FALSE,17.19,meters,-122.2663179,37.8225475
216,1,San Pablo Ave at 27th St,37.8178269,-122.2756976,EastBay,755,793,38,0.05033112582781457,FALSE,8.26,meters,-122.2756976,37.8178269
217,1,27th St at MLK Jr Way,37.8170154,-122.2717615,EastBay,477,406,-71,-0.1488469601677149,FALSE,9.25,meters,-122.27176150000001,37.8170154
218,1,DeFremery Park,37.8123315,-122.2851712,EastBay,2257,2120,-137,-0.06070004430660168,FALSE,5.51,meters,-122.28517119999998,37.8123315
219,1,Marston Campbell Park,37.8098236,-122.2801923,EastBay,899,853,-46,-0.05116796440489433,FALSE,8.75,meters,-122.2801923,37.8098236
220,1,San Pablo Ave at MLK Jr Way,37.8113514,-122.2734217,EastBay,1659,1539,-120,-0.07233273056057866,FALSE,7.45,meters,-122.2734217,37.8113514
221,3,12th St at 6th Ave,37.7943532,-122.2538745,EastBay,661,766,105,0.1588502269288956,FALSE,8.57,meters,-122.2538745,37.7943532
221,3,6th Ave at E 12th St (Temporary Location),37.794396,-122.253842,EastBay,208,206,-2,-0.009615384615384616,FALSE,8.57,meters,-122.253842,37.794396
221,3,E 12th St at 6th Ave,37.7943532,-122.2538745,EastBay,122,122,0,0,FALSE,8.57,meters,-122.2538745,37.7943532
222,1,10th Ave at E 15th St,37.7927143,-122.2487796,EastBay,777,813,36,0.04633204633204633,FALSE,12.1,meters,-122.24877959999999,37.7927143
223,1,16th St Mission BART Station 2,37.7647652154977,-122.42009103298186,SanFrancisco,8610,9858,1248,0.14494773519163764,TRUE,10.57,meters,-122.42009103298186,37.7647652154977
224,2,21st Ave at International Blvd,37.78485466229441,-122.23930478096008,EastBay,152,195,43,0.28289473684210525,FALSE,5.69,meters,-122.23930478096008,37.78485466229441
224,2,21st Ave at International Blvd,37.7851566,-122.2389151,EastBay,152,195,43,0.28289473684210525,FALSE,7.58,meters,-122.23891510000001,37.7851566
225,1,23rd Ave at Foothill Blvd,37.7851915,-122.2343822,EastBay,346,385,39,0.11271676300578035,FALSE,9.82,meters,-122.2343822,37.7851915
226,1,26th Ave at International Blvd,37.781123,-122.2329915,EastBay,243,302,59,0.24279835390946503,FALSE,10.75,meters,-122.23299149999998,37.781123
227,1,Foothill Blvd at Fruitvale Ave,37.7837569,-122.2226033,EastBay,890,895,5,0.0056179775280898875,FALSE,23.27,meters,-122.22260330000002,37.7837569
228,1,Foothill Blvd at Harrington Ave,37.77993,-122.2177284,EastBay,298,244,-54,-0.18120805369127516,FALSE,17.71,meters,-122.2177284,37.77993
229,1,Foothill Blvd at 42nd Ave,37.7757452,-122.2130372,EastBay,193,165,-28,-0.14507772020725387,FALSE,13.93,meters,-122.2130372,37.77574520000001
230,1,14th St at Mandela Pkwy,37.8107432,-122.2914153,EastBay,3296,3198,-98,-0.029733009708737865,FALSE,5.73,meters,-122.2914153,37.8107432
231,1,14th St at Filbert St,37.80874983465997,-122.28328227996825,EastBay,1017,998,-19,-0.018682399213372666,FALSE,7,meters,-122.28328227996825,37.80874983465997
232,1,MLK Jr Way at 14th St,37.8061628,-122.2760402,EastBay,1829,1683,-146,-0.07982504100601422,FALSE,11.11,meters,-122.27604019999998,37.8061628
233,3,12th St at 4th Ave,37.7958125,-122.2555549,EastBay,2520,2628,108,0.04285714285714286,FALSE,9.45,meters,-122.2555549,37.7958125
233,3,4th Ave at E 12th St (Temporary Location),37.795913,-122.25554700000001,EastBay,364,445,81,0.22252747252747251,FALSE,9.45,meters,-122.25554700000001,37.795913
233,3,E 12th St at 4th Ave,37.7958125,-122.2555549,EastBay,214,249,35,0.16355140186915887,FALSE,9.45,meters,-122.2555549,37.7958125
234,1,Fruitvale Ave at International Blvd,37.7776818,-122.225771,EastBay,231,262,31,0.1341991341991342,FALSE,13.62,meters,-122.225771,37.7776818
235,1,Union St at 10th St,37.8072393,-122.2893702,EastBay,1698,1562,-136,-0.0800942285041225,FALSE,6.7,meters,-122.2893702,37.8072393
236,1,Market St at 8th St,37.8036865,-122.282497,EastBay,735,742,7,0.009523809523809525,FALSE,8.02,meters,-122.282497,37.8036865
237,1,Fruitvale BART Station,37.7752321,-122.2244982,EastBay,1041,1106,65,0.06243996157540826,TRUE,10.81,meters,-122.2244982,37.7752321
238,1,MLK Jr Way at University Ave,37.8717192,-122.2730677,EastBay,3689,4090,401,0.1087015451341827,FALSE,51.04,meters,-122.2730677,37.8717192
239,1,Bancroft Way at Telegraph Ave,37.8688126,-122.258764,EastBay,11077,9822,-1255,-0.11329782432066444,FALSE,82.57,meters,-122.258764,37.8688126
240,1,Haste St at Telegraph Ave,37.8660431,-122.2588044,EastBay,6610,4980,-1630,-0.24659606656580937,FALSE,73.85,meters,-122.2588044,37.8660431
241,1,Ashby BART Station,37.8524766,-122.2702132,EastBay,7868,8529,661,0.08401118454499237,TRUE,32.37,meters,-122.2702132,37.8524766
242,1,Milvia St at Derby St,37.86012459911685,-122.2693844139576,EastBay,2213,2358,145,0.06552191595119747,FALSE,43.62,meters,-122.2693844139576,37.86012459911685
243,1,Bancroft Way at College Ave,37.8693603,-122.2543374,EastBay,15245,5563,-9682,-0.6350934732699246,FALSE,98.22,meters,-122.2543374,37.8693603
244,3,Shattuck Ave at Hearst Ave,37.87367621459825,-122.26848721504211,EastBay,2993,3068,75,0.02505846976277982,FALSE,62.75,meters,-122.26848721504211,37.87367621459825
244,3,Shattuck Ave at Hearst Ave,37.87374820090019,-122.26864814758301,EastBay,2993,3068,75,0.02505846976277982,FALSE,62.84,meters,-122.26864814758301,37.87374820090019
244,3,Shattuck Ave at Hearst Ave,37.8737917,-122.2686176,EastBay,2993,3068,75,0.02505846976277982,FALSE,62.84,meters,-122.26861759999998,37.8737917
245,2,Downtown Berkeley BART,37.870139,-122.268422,EastBay,8812,12846,4034,0.4577848388561053,TRUE,56.64,meters,-122.268422,37.870139
245,2,Downtown Berkeley BART,37.8703477,-122.2677637,EastBay,8812,12846,4034,0.4577848388561053,TRUE,57.67,meters,-122.2677637,37.8703477
246,1,Berkeley Civic Center,37.8690599,-122.270556,EastBay,4990,5817,827,0.1657314629258517,FALSE,52.03,meters,-122.27055600000001,37.8690599
247,1,Fulton St at Bancroft Way,37.8677892,-122.2658964,EastBay,4057,4706,649,0.15997042149371457,FALSE,61.02,meters,-122.2658964,37.8677892
248,1,Telegraph Ave at Ashby Ave,37.8559558,-122.2597949,EastBay,4608,4414,-194,-0.04210069444444445,FALSE,59.09,meters,-122.2597949,37.8559558
249,1,Russell St at College Ave,37.8584732,-122.2532529,EastBay,3653,3269,-384,-0.10511908020804818,FALSE,78.01,meters,-122.25325290000002,37.8584732
250,2,North Berkeley BART Station,37.873558,-122.283093,EastBay,2927,2853,-74,-0.02528185855825077,TRUE,33.26,meters,-122.283093,37.873558
250,2,North Berkeley BART Station,37.8740141,-122.283019,EastBay,2927,2853,-74,-0.02528185855825077,TRUE,33.33,meters,-122.28301900000001,37.8740141
251,1,California St at University Ave,37.87055532905745,-122.27972030639648,EastBay,2120,2327,207,0.09764150943396227,FALSE,38.11,meters,-122.27972030639648,37.87055532905745
252,1,Channing Way at Shattuck Ave,37.8658466,-122.2674431,EastBay,2274,3139,865,0.38038698328935794,FALSE,54.52,meters,-122.2674431,37.8658466
253,1,Haste St at College Ave,37.86641794050319,-122.25379943847655,EastBay,3641,1449,-2192,-0.6020324086789344,FALSE,92.83,meters,-122.25379943847655,37.86641794050319
254,1,Vine St at Shattuck Ave,37.88022244590679,-122.26959228515624,EastBay,2733,2642,-91,-0.03329674350530552,FALSE,75,meters,-122.26959228515624,37.88022244590679
255,1,Virginia St at Shattuck Ave,37.876572549106854,-122.26952791213989,EastBay,1192,1063,-129,-0.10822147651006711,FALSE,69.35,meters,-122.26952791213989,37.876572549106854
256,1,Hearst Ave at Euclid Ave,37.875111692864444,-122.26055324077606,EastBay,4914,2253,-2661,-0.5415140415140415,FALSE,94.75,meters,-122.26055324077606,37.875111692864444
257,1,Fifth St at Delaware St,37.870407115465376,-122.29967594146727,EastBay,336,601,265,0.7886904761904762,FALSE,5.71,meters,-122.29967594146727,37.870407115465376
258,1,University Ave at Oxford St,37.8723555,-122.2664467,EastBay,3222,3863,641,0.1989447548106766,FALSE,62.16,meters,-122.2664467,37.8723555
259,1,Addison St at Fourth St,37.866249,-122.2993708,EastBay,2981,4264,1283,0.43039248574303923,FALSE,6.22,meters,-122.2993708,37.86624900000001
262,1,West St at University Ave,37.869966707604036,-122.28653311729431,EastBay,384,601,217,0.5651041666666666,FALSE,24.55,meters,-122.28653311729431,37.869966707604036
263,1,Channing Way at San Pablo Ave,37.8628271,-122.2902305,EastBay,1486,2133,647,0.4353970390309556,FALSE,18.45,meters,-122.2902305,37.8628271
265,1,Ninth St at Parker St,37.8588682,-122.2912095,EastBay,1618,2048,430,0.2657601977750309,FALSE,14.23,meters,-122.2912095,37.8588682
266,1,Parker St at Fulton St,37.8624644,-122.2647911,EastBay,5329,5964,635,0.11915931694501783,FALSE,55.16,meters,-122.26479109999998,37.8624644
267,1,Derby St at College Ave,37.8618037,-122.2535687,EastBay,4119,2915,-1204,-0.2923039572711823,FALSE,83.95,meters,-122.2535687,37.8618037
268,1,Ellsworth St at Russell St,37.85749021457153,-122.26157784461977,EastBay,1584,1528,-56,-0.03535353535353535,FALSE,56.93,meters,-122.26157784461977,37.85749021457153
269,1,Telegraph Ave at Carleton St,37.8623199,-122.258801,EastBay,2250,2053,-197,-0.08755555555555555,FALSE,67.39,meters,-122.25880099999999,37.8623199
270,1,Ninth St at Heinz Ave,37.8534894,-122.2894154,EastBay,2072,2715,643,0.31032818532818535,FALSE,12.95,meters,-122.2894154,37.8534894
271,1,San Pablo Park,37.85578332030199,-122.28312671184538,EastBay,737,1095,358,0.48575305291723203,FALSE,20.05,meters,-122.28312671184538,37.85578332030199
272,1,Woolsey St at Sacramento St,37.850577684047856,-122.27817535400389,EastBay,1960,2363,403,0.20561224489795918,FALSE,22.65,meters,-122.27817535400389,37.850577684047856
273,1,Fulton St at Ashby Ave,37.855573661828785,-122.26356536149979,EastBay,1364,1225,-139,-0.10190615835777127,FALSE,51.2,meters,-122.26356536149979,37.855573661828785
274,1,Oregon St at Adeline St,37.8575672,-122.2675583,EastBay,3533,3872,339,0.09595244834418341,FALSE,44.01,meters,-122.2675583,37.8575672
275,1,Julian St at 6th St,37.3429973,-121.8888891,SanJose,1348,1333,-15,-0.01112759643916914,FALSE,23.05,meters,-121.88888910000001,37.3429973
276,1,Julian St at The Alameda,37.3322326,-121.9125165,SanJose,3538,3555,17,0.004804974561899378,FALSE,29.56,meters,-121.91251649999998,37.3322326
277,1,Morrison Ave at Julian St,37.3336577,-121.9085859,SanJose,1760,1815,55,0.03125,FALSE,26.99,meters,-121.9085859,37.3336577
278,1,The Alameda at Bush St,37.3319323,-121.9048882,SanJose,3085,3368,283,0.09173419773095624,FALSE,26.97,meters,-121.90488820000002,37.3319323
279,1,Santa Clara St at 7th St,37.3391456,-121.8841054,SanJose,1690,1467,-223,-0.1319526627218935,FALSE,25,meters,-121.8841054,37.3391456
280,2,6th St at San Fernando St (Temporary Location),37.337038,-121.884125,SanJose,1532,1558,26,0.016971279373368148,FALSE,25.09,meters,-121.884125,37.337038
280,2,San Fernando at 7th St,37.337246,-121.8830739,SanJose,3506,3992,486,0.13861950941243584,FALSE,25.32,meters,-121.8830739,37.337246
281,2,9th St at San Fernando,37.3383952,-121.8807965,SanJose,1410,1367,-43,-0.03049645390070922,FALSE,25.54,meters,-121.8807965,37.3383952
281,2,9th St at San Fernando St,37.3383952,-121.8807965,SanJose,403,414,11,0.02729528535980149,FALSE,25.54,meters,-121.8807965,37.3383952
282,1,Market St at Park St,37.332426301252056,-121.89034938812256,SanJose,1416,1374,-42,-0.029661016949152543,FALSE,27.63,meters,-121.89034938812256,37.332426301252056
283,1,Delmas Ave and San Fernando St,37.3302641,-121.8977018,SanJose,445,388,-57,-0.12808988764044943,FALSE,26.53,meters,-121.89770180000001,37.33026410000001
284,1,Yerba Buena Center for the Arts (Howard St at 3rd St),37.78487208436062,-122.40087568759917,SanFrancisco,12312,12392,80,0.00649772579597141,FALSE,9.69,meters,-122.40087568759917,37.78487208436062
285,1,Webster St at O'Farrell St,37.78352083526095,-122.43115782737732,SanFrancisco,7540,6807,-733,-0.09721485411140583,FALSE,39.17,meters,-122.43115782737732,37.78352083526095
286,1,San Carlos St at 11th St,37.3364659,-121.8766132,SanJose,1745,1859,114,0.06532951289398281,FALSE,27.28,meters,-121.8766132,37.3364659
287,1,Almaden Blvd at Balbach St,37.32673,-121.8892731,SanJose,665,653,-12,-0.01804511278195489,FALSE,28.28,meters,-121.8892731,37.32673
288,1,Mission St at 1st St,37.3509643,-121.9020161,SanJose,583,545,-38,-0.06518010291595197,FALSE,19.04,meters,-121.90201610000001,37.3509643
289,1,5th St at Taylor St,37.3510173,-121.8959209,SanJose,867,954,87,0.10034602076124567,FALSE,18.74,meters,-121.89592090000001,37.3510173
290,1,George St at 1st St,37.3477319,-121.899464,SanJose,637,627,-10,-0.015698587127158554,FALSE,20.34,meters,-121.899464,37.3477319
291,1,Autumn Parkway at Coleman Ave,37.3413348,-121.9031829,SanJose,1430,1561,131,0.09160839160839161,FALSE,22.35,meters,-121.90318290000002,37.3413348
292,1,Empire St at 1st St,37.3448821,-121.8969655,SanJose,539,525,-14,-0.025974025974025976,FALSE,23.63,meters,-121.8969655,37.3448821
293,1,W St John St at Guadalupe River Trail,37.3353879,-121.8979205,SanJose,178,209,31,0.17415730337078653,FALSE,23.72,meters,-121.89792050000001,37.3353879
294,1,Pierce Ave at Market St,37.327581,-121.884559,SanJose,1295,1194,-101,-0.077992277992278,FALSE,29.16,meters,-121.88455899999998,37.327581
295,1,William St at 10th St,37.3327938,-121.8759263,SanJose,1278,1233,-45,-0.035211267605633804,FALSE,28.14,meters,-121.87592630000002,37.3327938
296,1,5th St at Virginia St,37.3259984,-121.87712,SanJose,6142,5493,-649,-0.10566590687072615,FALSE,30.11,meters,-121.87712000000002,37.3259984
297,1,Locust St at Grant St,37.3229796,-121.8879312,SanJose,605,593,-12,-0.019834710743801654,FALSE,29.49,meters,-121.88793120000001,37.3229796
298,1,Oak St at 1st St,37.322124625448566,-121.88109040260315,SanJose,179,165,-14,-0.0782122905027933,FALSE,31.75,meters,-121.88109040260315,37.322124625448566
299,1,Bestor Art Park,37.3236779,-121.8741186,SanJose,536,498,-38,-0.0708955223880597,FALSE,30.88,meters,-121.87411860000002,37.3236779
300,1,Palm St at Willow St,37.3172979,-121.884995,SanJose,163,186,23,0.1411042944785276,FALSE,33.25,meters,-121.884995,37.3172979
301,1,Willow St at Vine St,37.3184498,-121.8831724,SanJose,96,79,-17,-0.17708333333333334,FALSE,31.83,meters,-121.88317240000002,37.3184498
302,2,Tamien Station,37.312854042932614,-121.88294112682343,SanJose,167,198,31,0.18562874251497005,TRUE,34.84,meters,-121.88294112682343,37.312854042932614
302,2,Tamien Station,37.34772111054818,-121.89085632562636,SanJose,167,198,31,0.18562874251497005,TRUE,21.13,meters,-121.89085632562636,37.34772111054818
303,1,San Pedro St at Hedding St,37.352601,-121.905733,SanJose,292,282,-10,-0.03424657534246575,FALSE,19.04,meters,-121.905733,37.352601
304,1,Jackson St at 5th St,37.3487586867448,-121.89479783177376,SanJose,1819,1892,73,0.040131940626717974,FALSE,20.46,meters,-121.89479783177376,37.3487586867448
305,1,Ryland Park,37.342725,-121.895617,SanJose,5183,4995,-188,-0.03627242909511866,FALSE,24.37,meters,-121.895617,37.342725
306,1,Saint James Park,37.339301,-121.889937,SanJose,946,919,-27,-0.02854122621564482,FALSE,24.23,meters,-121.889937,37.339301
307,1,SAP Center,37.332692,-121.900084,SanJose,986,995,9,0.009127789046653144,FALSE,26.29,meters,-121.900084,37.332692
308,1,San Pedro Square,37.336802,-121.8940901,SanJose,3016,3008,-8,-0.002652519893899204,FALSE,25.5,meters,-121.89409010000001,37.336802
309,1,San Jose City Hall,37.337391,-121.886995,SanJose,3107,2557,-550,-0.1770196330865787,FALSE,24.7,meters,-121.886995,37.337391
310,1,San Fernando St at 4th St,37.335885,-121.88566,SanJose,7154,7453,299,0.04179480011182555,FALSE,24.99,meters,-121.88566000000002,37.335885
311,1,Paseo De San Antonio at 2nd St,37.333798,-121.886943,SanJose,3544,3710,166,0.04683972911963882,FALSE,26.51,meters,-121.886943,37.333798
312,1,San Jose Diridon Station,37.329732,-121.901782,SanJose,7416,7551,135,0.01820388349514563,TRUE,28.25,meters,-121.901782,37.329732
313,1,Almaden Blvd at San Fernando St,37.331415,-121.8932,SanJose,1844,1801,-43,-0.023318872017353578,FALSE,26.15,meters,-121.89320000000001,37.331415
314,1,Santa Clara St at Almaden Blvd,37.333988,-121.894902,SanJose,2339,2384,45,0.01923899102180419,FALSE,25.51,meters,-121.89490199999999,37.333988
315,1,Market St at 45th St,37.834174,-122.272968,EastBay,977,974,-3,-0.0030706243602865915,FALSE,23.35,meters,-122.272968,37.834174
316,1,San Salvador St at 1st St,37.330165,-121.885831,SanJose,1981,2001,20,0.010095911155981827,FALSE,28.83,meters,-121.88583100000001,37.330165
317,1,San Salvador St at 9th St,37.333955,-121.877349,SanJose,4143,4352,209,0.05044653632633357,FALSE,27.56,meters,-121.877349,37.333955
318,1,San Carlos St at Market St,37.330698,-121.888979,SanJose,1427,1446,19,0.013314646110721794,FALSE,28.08,meters,-121.888979,37.330698
321,2,5th at Folsom,37.78014570345598,-122.40307085237873,SanFrancisco,8659,8821,162,0.018708857835777803,FALSE,4.23,meters,-122.40307085237873,37.78014570345598
321,2,5th St at Folsom,37.78014570345598,-122.40307085237873,SanFrancisco,3762,3806,44,0.011695906432748537,FALSE,4.23,meters,-122.40307085237873,37.78014570345598
323,1,Broadway at Kearny,37.79801364395978,-122.40595042705534,SanFrancisco,13476,11344,-2132,-0.15820718314039775,FALSE,21.77,meters,-122.40595042705534,37.79801364395978
324,1,Union Square (Powell St at Post St),37.788299978150825,-122.40853071212767,SanFrancisco,16481,13255,-3226,-0.19574054972392452,FALSE,26.03,meters,-122.40853071212767,37.78829997815083
327,1,5th St at San Salvador St,37.33203868095132,-121.8817663192749,SanJose,2035,2225,190,0.09336609336609336,FALSE,27.91,meters,-121.8817663192749,37.33203868095132
336,1,Potrero Ave and Mariposa St,37.76328094058097,-122.4073773622513,SanFrancisco,2310,1918,-392,-0.1696969696969697,FALSE,21.27,meters,-122.4073773622513,37.76328094058097
337,1,Webster St at 19th St,37.80696976095594,-122.26658821105957,EastBay,2390,2469,79,0.03305439330543933,FALSE,7.89,meters,-122.26658821105957,37.80696976095594
338,1,13th St at Franklin St,37.80318908113163,-122.27057933807373,EastBay,2509,2058,-451,-0.17975288959744917,FALSE,12.74,meters,-122.27057933807373,37.80318908113163
339,1,Jackson St at 11th St,37.80000163118878,-122.26643800735472,EastBay,1631,1626,-5,-0.0030656039239730227,FALSE,11.51,meters,-122.26643800735472,37.80000163118878
340,1,Harmon St at Adeline St,37.849735,-122.270582,EastBay,941,1127,186,0.19766206163655686,FALSE,32.9,meters,-122.27058200000002,37.849735
341,1,Fountain Alley at S 2nd St,37.33618830029063,-121.88927650451659,SanJose,2101,2061,-40,-0.01903855306996668,FALSE,26.15,meters,-121.88927650451659,37.33618830029063
342,1,Colin P Kelly Jr St at Townsend St (Temporary Site),37.781382819628725,-122.3898410797119,SanFrancisco,2725,2624,-101,-0.03706422018348624,FALSE,4.75,meters,-122.3898410797119,37.781382819628725
343,1,Bryant St at 2nd St,37.783171989315306,-122.39357203245163,SanFrancisco,7959,6494,-1465,-0.18406835029526322,FALSE,17.29,meters,-122.39357203245163,37.783171989315306
344,1,16th St Depot,37.766349,-122.396289,SanFrancisco,117,101,-16,-0.13675213675213677,FALSE,4.9,meters,-122.396289,37.766349
345,1,Hubbell St at 16th St,37.76647421515012,-122.39829540252686,SanFrancisco,3831,3631,-200,-0.05220569042025581,FALSE,4.82,meters,-122.39829540252686,37.766474215150126
347,1,23rd St and San Bruno Ave,37.75443563479177,-122.40436390042304,SanFrancisco,531,544,13,0.02448210922787194,FALSE,23.1,meters,-122.40436390042304,37.75443563479177
349,1,Howard St at Mary St,37.78100971717512,-122.40566611289978,SanFrancisco,5240,5354,114,0.021755725190839695,FALSE,6.97,meters,-122.40566611289978,37.78100971717512
350,1,8th St at Brannan St,37.771431362921085,-122.40578681230545,SanFrancisco,6004,7431,1427,0.2376748834110593,FALSE,4,meters,-122.40578681230545,37.771431362921085
351,1,10th St at University Ave,37.86906047545393,-122.29339957237242,EastBay,497,812,315,0.6338028169014085,FALSE,13.45,meters,-122.29339957237242,37.86906047545393
355,1,23rd St at Tennessee St,37.755367132158526,-122.38879501819609,SanFrancisco,2444,2608,164,0.06710310965630115,FALSE,5.96,meters,-122.38879501819609,37.755367132158526
356,1,Valencia St at Clinton Park,37.769188178104585,-122.42228507995605,SanFrancisco,2909,2941,32,0.011000343760742524,FALSE,13.66,meters,-122.42228507995605,37.769188178104585
357,1,2nd St at Julian St,37.34113203547954,-121.89284384250641,SanJose,1130,1151,21,0.018584070796460177,FALSE,24.19,meters,-121.89284384250641,37.34113203547954
358,1,Lane St at Van Dyke Ave,37.72925213437005,-122.39237844943999,SanFrancisco,35,33,-2,-0.05714285714285714,FALSE,15.19,meters,-122.39237844943999,37.72925213437005
359,1,Williams Ave at Apollo St,37.73016750815088,-122.39896327257156,SanFrancisco,52,48,-4,-0.07692307692307693,FALSE,18.36,meters,-122.39896327257156,37.73016750815088
360,1,Newhall St at 3rd St,37.73857187126725,-122.38961778581141,SanFrancisco,59,87,28,0.4745762711864407,FALSE,8.77,meters,-122.38961778581141,37.73857187126725
361,1,Mendell St at Fairfax Ave,37.739853017984125,-122.38565549254417,SanFrancisco,59,64,5,0.0847457627118644,FALSE,6.83,meters,-122.38565549254417,37.739853017984125
362,1,Lane St at Revere Ave,37.7317266935217,-122.3900556564331,SanFrancisco,97,85,-12,-0.12371134020618557,FALSE,25.4,meters,-122.3900556564331,37.7317266935217
363,1,Salesforce Transit Center (Natoma St at 2nd St),37.78749210438603,-122.3982846736908,SanFrancisco,2756,2708,-48,-0.01741654571843251,FALSE,7.09,meters,-122.3982846736908,37.78749210438603
364,1,Mission Rock St at 3rd St,37.77288579232439,-122.38994032144547,SanFrancisco,1530,1556,26,0.01699346405228758,FALSE,3.4,meters,-122.38994032144547,37.77288579232439
365,1,Turk St at Fillmore St,37.78045005996349,-122.43194639682768,SanFrancisco,682,647,-35,-0.051319648093841645,FALSE,33.75,meters,-122.43194639682768,37.78045005996349
367,1,Outside Lands 2018 (Temporary Station),37.771104,-122.473658,SanFrancisco,237,243,6,0.02531645569620253,FALSE,75.47,meters,-122.473658,37.771104
368,1,Myrtle St at Polk St,37.78543382786823,-122.41962164640428,SanFrancisco,62,64,2,0.03225806451612903,FALSE,37.65,meters,-122.41962164640428,37.78543382786823
369,1,Hyde St at Post St,37.78734902316596,-122.41665109992026,SanFrancisco,5,7,2,0.4,FALSE,43.21,meters,-122.41665109992026,37.78734902316596
370,1,Jones St at Post St,37.7873267660624,-122.41327822208405,SanFrancisco,106,79,-27,-0.25471698113207547,FALSE,39.54,meters,-122.41327822208405,37.7873267660624
371,1,Lombard St at Columbus Ave,37.80274615250053,-122.41357862949373,SanFrancisco,574,641,67,0.11672473867595819,FALSE,8.79,meters,-122.41357862949373,37.80274615250053
372,1,Madison St at 17th St,37.804036784023594,-122.26240932941435,EastBay,505,449,-56,-0.11089108910891089,FALSE,8.61,meters,-122.26240932941435,37.804036784023594
373,1,Potrero del Sol Park (25th St at Utah St),37.75179164525661,-122.40521550178528,SanFrancisco,94,76,-18,-0.19148936170212766,FALSE,14.63,meters,-122.40521550178528,37.75179164525661
374,1,Viva Calle SJ,37.26331,-121.833332,SanJose,25,15,-10,-0.4,FALSE,50.25,meters,-121.833332,37.263310000000004
375,1,Grove St at Masonic Ave,37.77483629413345,-122.44654566049576,SanFrancisco,134,86,-48,-0.3582089552238806,FALSE,72.23,meters,-122.44654566049576,37.77483629413345
378,1,Empire St at 7th St,37.34774456553247,-121.89079999923706,SanJose,10,14,4,0.4,FALSE,21.14,meters,-121.89079999923706,37.34774456553247
